Calendar_Year,Germany_GDP_Constant_2015_USD,Germany_GDP_Per_Capita_USD,Germany_Gross_Savings_Pct_GDP,Germany_GFCF_Pct_GDP,Japan_GDP_Constant_2015_USD,Japan_GDP_Per_Capita_USD,Japan_Gross_Savings_Pct_GDP,Japan_GFCF_Pct_GDP,Korea_GDP_Constant_2015_USD,Korea_GDP_Per_Capita_USD,Korea_Gross_Savings_Pct_GDP,Korea_GFCF_Pct_GDP,USA_GDP_Constant_2015_USD,USA_GDP_Per_Capita_USD,USA_Gross_Savings_Pct_GDP,USA_GFCF_Pct_GDP
2001,2933181986968.52,35618.5143698493,24.3261080468042,21.5433631059471,4002148544212.9,31476.0520665746,28.348950322757,27.7309731011096,874473540684.493,18460.4288193829,33.1822212238157,30.5058350146188,13781388409036.2,48361.0167607073,18.6164321260218,22.5385071620869
2002,2926486831428.63,35477.5151544301,24.200084556707,19.8867030080599,4003827945767.2,31416.1241772309,27.1626283393396,26.2604182019213,942192762521.074,19775.3800655139,32.4058372992285,30.187571612987,14015733659783.6,48729.1586442625,17.6990846646438,21.5398908373713
2003,2910982263391.97,35270.0227284267,23.1977722341475,19.2638822568625,4065291729517.45,31830.217584972,27.2664239803683,25.7133538154767,971162614185.718,20278.0406421178,33.8569071728879,31.0719624895722,14407558345762.9,49662.7520549839,17.1895780029461,21.6226206280687
2004,2944810405337.25,35687.6378708542,23.9853207968461,18.8314639081743,4154163710039.3,32515.1158024695,27.546383090773,25.3239274810451,1021504157422.6,21244.8136800528,36.0614170143495,30.9148949506372,14961928297813.8,51098.5573007417,17.4615655447704,22.1277420778003
2005,2970886268370.04,36024.0947047021,23.6887230136173,18.7644203275559,4229100705435.58,33098.5474664881,27.4541628451824,25.9010440257525,1066023726231.41,22123.7613066851,34.855409925184,30.4585673582197,15483134541390.2,52393.4513113092,17.7012879306199,22.9346369798954
2006,3085761005285.65,37459.261328042,25.077652935891,19.4624059220668,4287138774362.24,33531.518563066,27.3759077018862,26.0446863446433,1121936729365.41,23162.1860111297,33.5721769686454,30.5042866575012,15914268559668.9,53335.5896950225,17.8450467380027,23.038167049868
2007,3174912263837.68,38593.0749910508,27.1771129170567,19.7151702055684,4350758602405.54,33990.0360341367,27.5303983057463,25.4051268567059,1187479862374.9,24391.7651013448,34.0338690182543,30.0691213268305,16233167950743.9,53889.3964951775,17.4731329113429,22.3230160837388
2008,3203102383827.36,39009.8477636357,26.6713140332448,19.9630399184329,4297492743392.88,33557.6454041595,26.2111712279742,25.2928155191183,1223156560996.14,24934.5396367691,33.3397618516593,30.8917515930741,16251606759787.8,53442.7136899777,16.021378981836,21.235478492072
2009,3025504625850.04,36940.4078672661,22.7763365236952,18.8381977329318,4052826324003.77,31651.0837739562,23.0521414382073,23.624293447427,1233184753860.86,25009.9148311999,33.502975968798,30.8870549838266,15832884074310.8,51611.3217087719,14.873651581317,18.8101380427197
2010,3150598283304.25,38526.7371042695,24.6365179752682,19.1861612229759,4218907820178.57,32942.2020783835,23.9288581146225,22.6196594231882,1319281537670.41,26623.0487122927,35.2951031135222,30.4627998691082,16259610790677.0,52555.7695134023,15.1349978430449,18.3139445259228
2011,3268996785218.57,40722.4849268242,26.1212416861128,20.0081182128282,4219912322040.1,33011.1342301291,22.894532483638,23.3511623002885,1367937063745.25,27393.455357272,34.1433681473028,30.579957304265,16513977256911.2,52956.6630340962,15.3179600577581,18.7369868048565
2012,3284148978797.69,40834.5088218456,25.5119887971193,19.9663127661399,4277925608846.49,33518.4449368599,22.3635480474837,23.7736492973571,1402787524457.73,27944.0564190045,33.7447491121167,29.8554284944494,16892000920975.5,53738.1476714593,16.5569941422251,19.5126025510627
2013,3297186905208.25,40884.8926759028,25.5629203762105,19.5771468839831,4363702302793.37,34239.8862473488,22.0071688533491,24.5565269630113,1448958816285.78,28732.711152033,34.1992129289363,29.2348610530955,17249744800617.5,54462.6252412407,17.3613954399454,19.7983980671233
2014,3369071713224.27,41602.4661281668,26.6784722245491,19.782574460457,4376627829634.98,34386.9058552671,22.4422381175418,25.0845490939861,1495538208413.16,29470.6732991655,34.4303773828112,29.1925808527488,17685097277697.8,55394.4510435329,17.7426352889336,20.4864937674979
2015,3425099578746.09,41929.7549110722,26.9120157562447,19.7477510746575,4444930651964.18,34960.6393843385,24.6114592004978,24.9714561746572,1539212301135.55,30171.7906545222,35.8602944893542,29.1800840544677,18206020741000.0,56572.9188996063,18.1511093940371,20.7502235317815
2016,3501212900675.89,42516.9337063103,26.977350471487,20.0438468833034,4478437728050.46,35242.199377148,25.6412705749051,24.7606842913738,1588028842393.05,31005.4072876388,36.3086493125632,29.8662168895967,18537270454435.6,57151.4708448372,17.7313088433413,20.8016632416177
2017,3599173571724.7,43543.4807050551,27.6420520174852,20.1339289732412,4553466417290.11,35861.9728545672,25.9744916132228,25.0073498435107,1642548917819.59,31979.9027302467,36.4709355988436,31.6985138146943,18992846546661.7,58151.7021391854,17.8206940166992,21.1343937588394
2018,3640049243667.4,43905.8550061973,27.5189209179885,20.8175234345652,4582763011478.55,36138.5290824814,25.6616737039553,25.2677675892842,1694718171579.25,32852.8887488942,35.4458365066422,30.4949863588202,19556270302218.3,59526.665698712,18.2090969463905,21.4240428649128
2019,3675639268112.03,44235.2658954682,26.9885052922019,21.1522978107472,4564332550096.38,36043.7844013518,25.5003129532535,25.5475785734924,1733930596323.25,33496.3113815643,33.831178495402,30.112526532099,20061570168697.6,60750.9898621637,18.3872667792114,21.4897485242357
2020,3523764998709.97,42372.8726784255,27.0351115129596,21.3426763110307,4374056271824.01,34642.9718743239,24.9551743179788,25.4716981132075,1721788880530.99,33215.9298928108,35.2103082561703,31.0409083655236,19627632559934.5,59194.6665172031,17.3498643959484,21.8887242742465
2021,3661544208117.2,44011.0194631674,27.7931967173048,21.181504152251,4492005937826.88,35741.1601062924,25.3046685192408,25.5546376460195,1801214449834.76,34792.9397214598,35.864250124296,31.4877644393711,20816096100824.5,62680.2503585805,16.409338797498,21.6159536186479
2022,3727790994177.62,44817.1316331389,25.7470691007898,21.6010467765749,4534320578755.85,36238.3294895302,23.0554356242395,26.2617706144091,1850343736945.76,35809.0138105144,33.3300613676458,31.9338930962313,21339074561820.0,63886.1317069841,16.9791117428493,21.7099777470183
2023,3695372350062.48,44368.9920074881,25.9662598860951,21.1916877404125,4601203385713.7,36952.5150709861,24.7344835596478,26.0120879352945,1879634949821.72,36347.7036392553,32.2761724912913,31.4470154989809,21955252291273.6,65186.5977244157,17.3875791309142,21.7264982141848
2024,3677048776153.86,44027.7631554469,25.2768210451909,20.4603173503166,4606002855955.13,37152.5636003552,25.3094395485879,26.0840902660166,1917295522781.86,37048.4264001496,34.0290975945706,30.029371211707,22568462768174.3,66356.1706750101,17.1067567574704,21.6987566313724
